Workbook

Sheet Instructions
A1: Paid Search Campaign Control System
B3: How this workbook is used (daily, ~2 minutes):
B4: 1. Open the 'Daily Data' tab. Paste today's export as a new row at the bottom (Date, Spend, Revenue-to-Date, Orders).
B5: 2. Open 'Inputs' and update: Today's Date, Campaign Status, Current Platform Target ROAS, Current Daily Budget, and Last Change Date/Type if you changed anything yesterday.
B6: 3. Open 'Decision'. Look at the chart (raw vs. lag-adjusted ROAS vs. target/breakeven), then read ACTION / VALUE / REASON / REVIEW CADENCE / WAIT PERIOD.
B7: 4. Make the change described in VALUE (if any). Then update the 'Last Change Date' and 'Last Change Type' fields on Inputs so the wait-period logic knows a change was made.
B8: 5. Come back on the date/condition given in REVIEW CADENCE. Repeat.
B10: What the system is doing under the hood:
B11: - Recently-spent money hasn't finished converting yet (see the 'Lag Table' tab). The system grosses up each day's revenue by how much of its revenue is typically observed by its age, then compares that AGE-ADJUSTED ROAS to the 220% required target and the ~200% breakeven ROAS - never raw, same-day reported ROAS.
B12: - It only acts on a rolling 14-day (or 30-day fallback) window with at least 30 matured orders, so single noisy days can't trigger a change. A 3-day fast window exists purely as a safety net to catch a real, acute breakeven breach sooner.
B13: - After any Target ROAS or Budget change, it holds (no new change) until at least 7 days AND 30 new orders have accumulated, so the bidding algorithm has time to relearn.
B14: - Every output cell is a formula, not a hardcoded value. Edit any yellow cell on 'Inputs' or add rows to 'Daily Data' and every downstream number recalculates.
B16: Tabs in this workbook:
... B24: A companion 2-page PDF ('Campaign Control System - Decision Framework') explains the same logic in plain language for anyone who wants the 'why' without opening the spreadsheet.

Sheet Inputs
A1: Inputs — Control Panel
A3: Campaign State (update every review)
A4: Today's Date | B4: 46242 | C4: The date you are running this review.
A5: Campaign Status | B5: Active | C5: Active or Paused. Dropdown restricted below.
A6: Current Platform Target ROAS (live setting) | B6: 2.2 | C6: What is literally set in Google Ads right now. The system moves this.
A7: Current Daily Budget ($) | B7: 8000 | C7: Set materially above normal spend (~$5,000/day) per the case background, so it should rarely bind.
A8: Last Change Date | B8: 46223 | C8: Date of the most recent Target ROAS / Budget / Pause / Re-enable / Seasonality action.
A9: Last Change Type | B9: None | C9: Drives the wait-period gate. Dropdown restricted below.
A11: Seasonality Override (optional — fill in only when a known event applies)
A12: Known Seasonality Event Flagged? | B12: N | C12: Y or N. E.g. Black Friday, a announced promo, a known slow week.
A13: Direction | B13: Up | C13: 'Up' = expect higher demand (loosen target). 'Down' = expect lower demand (tighten target).
A14: Season Start Date | B14: 46376
A15: Season Duration (days) | B15: 10 | C15: Adjustment auto-reverts the day the window ends.
A16: Season Adjustment Size (points) | B16: 0.15 | C16: Default step if you have no better historical estimate.
A17: Pre-Season Baseline Target ROAS | B17: 2.2 | C17: Record the live target the moment you START the season override, so it can revert cleanly.
A19: System Constants (set once — revisit only if business economics change)
A20: Required (Business) Target ROAS — mature | B20: 2.2 | C20: The economics bar. Fixed unless the business changes required profitability.
A21: Mature Breakeven ROAS | B21: 2.001 | C21: Source: case study lag table, 'Mature' row.
A22: Minimum Allowable Target ROAS (floor) | B22: 2.05 | C22: Never loosen below breakeven + a small cushion.
A23: Maximum Allowable Target ROAS (ceiling) | B23: 2.6 | C23: Sanity ceiling on repeated tightening.
A24: Target ROAS Step Size per intervention (points) | B24: 0.1
A25: Budget Step Size per intervention (%) | B25: 0.25
A26: Minimum Matured Orders for Confidence | B26: 30 | C26: Below this, extend the window instead of acting.
A27: Minimum Orders for Fast-Window Safety Check | B27: 5 | C27: Below this, the 3-day window can't even be trusted for a safety pause.
A28: Fast-Window Severe Multiple (x Breakeven) | B28: 0.9 | C28: Fast window triggers a safety pause below this fraction of breakeven.
A29: Wait Period — Days | B29: 7
A30: Wait Period — Orders | B30: 30
A31: Pause Minimum Days Before Re-enable | B31: 3
A32: Budget Utilization Threshold (cap signal) | B32: 0.95 | C32: A day counts as 'budget-capped' if spend >= this fraction of budget.
A33: Days at Cap Needed (of last 7) to call it Budget-Capped | B33: 3
A34: Normal Band — points below Required Target | B34: 0.1
A35: Normal Band — points above Required Target | B35: 0.15 | C35: Wider on the upside: the objective is to maximize sustainable spend, so we tolerate more upside before calling it an 'opportunity'.
A36: Primary Window Length (days) | B36: 14
A37: Fallback Window Length (days) | B37: 30
A38: Fast Window Length (days) | B38: 3

Sheet Lag Table
A1: Lag Table — Conversion Maturity Curve
A2: Age Key | B2: Age Label | C2: % Revenue Observed | D2: Breakeven ROAS (Mature-Adjusted) | E2: Notes
A3: 0 | B3: D0 | C3: 0.492 | D3: =C3*Inputs!$B$21 -> 0.984492 | E3: Source: case study lag table. % Revenue Observed is the share of a spend day's eventual (mature) revenue that has posted by that age.
A4: 1 | B4: D1 | C4: 0.577 | D4: =C4*Inputs!$B$21 -> 1.154577 | E4: Breakeven ROAS = % Observed x Mature Breakeven ROAS (Inputs!B21). This is the reported ROAS a break-even day would show at that age.
A5: 2 | B5: D2 | C5: 0.614 | D5: =C5*Inputs!$B$21 -> 1.228614
A6: 3 | B6: D3 | C6: 0.641 | D6: =C6*Inputs!$B$21 -> 1.282641
A7: 4 | B7: D4 | C7: 0.663 | D7: =C7*Inputs!$B$21 -> 1.326663
A8: 5 | B8: D5 | C8: 0.679 | D8: =C8*Inputs!$B$21 -> 1.358679
A9: 6 | B9: D6 | C9: 0.693 | D9: =C9*Inputs!$B$21 -> 1.386693
A10: 7 | B10: D7 | C10: 0.71 | D10: =C10*Inputs!$B$21 -> 1.42071
A11: 8 | B11: 8+ (Mature) | C11: 1 | D11: =C11*Inputs!$B$21 -> 2.001

Sheet Daily Data
A1: Daily Data — paste today's export as a new row at the bottom (oldest -> newest)
A2: Date | B2: Spend ($) | C2: Revenue To Date ($) | D2: Orders | E2: Age (Days) | F2: % Revenue Observed | G2: Projected Mature Revenue ($) | H2: Reported ROAS (raw, day) | I2: Age-Adjusted ROAS (day)
A3: 46222 | B3: 4715 | C3: 10595.26 | D3: 125 | E3: =IF($A3="","",Inputs!$B$4-$A3) -> 20 | F3: =IF($A3="","",INDEX('Lag Table'!$C$3:$C$11,MATCH(MIN($E3,8),'Lag Table'!$A$3:$A$11,0))) -> 1 | G3: =IF($A3="","",$C3/$F3) -> 10595.26 | H3: =IF($A3="","",IFERROR($C3/$B3,"")) -> 2.2471389 | I3: =IF($A3="","",IFERROR($G3/$B3,"")) -> 2.2471389
A4: 46223 | B4: 5142 | C4: 11404.49 | D4: 134 | E4: =IF($A4="","",Inputs!$B$4-$A4) -> 19 | F4: =IF($A4="","",INDEX('Lag Table'!$C$3:$C$11,MATCH(MIN($E4,8),'Lag Table'!$A$3:$A$11,0))) -> 1 | G4: =IF($A4="","",$C4/$F4) -> 11404.49 | H4: =IF($A4="","",IFERROR($C4/$B4,"")) -> 2.2179094 | I4: =IF($A4="","",IFERROR($G4/$B4,"")) -> 2.2179094
A5: 46224 | B5: 4752 | C5: 11012.89 | D5: 130 | E5: =IF($A5="","",Inputs!$B$4-$A5) -> 18 | F5: =IF($A5="","",INDEX('Lag Table'!$C$3:$C$11,MATCH(MIN($E5,8),'Lag Table'!$A$3:$A$11,0))) -> 1 | G5: =IF($A5="","",$C5/$F5) -> 11012.89 | H5: =IF($A5="","",IFERROR($C5/$B5,"")) -> 2.3175274 | I5: =IF($A5="","",IFERROR($G5/$B5,"")) -> 2.3175274
A6: 46225 | B6: 4831 | C6: 10418.79 | D6: 123 | E6: =IF($A6="","",Inputs!$B$4-$A6) -> 17 | F6: =IF($A6="","",INDEX('Lag Table'!$C$3:$C$11,MATCH(MIN($E6,8),'Lag Table'!$A$3:$A$11,0))) -> 1 | G6: =IF($A6="","",$C6/$F6) -> 10418.79 | H6: =IF($A6="","",IFERROR($C6/$B6,"")) -> 2.1566529 | I6: =IF($A6="","",IFERROR($G6/$B6,"")) -> 2.1566529
A7: 46226 | B7: 4819 | C7: 10479.83 | D7: 123 | E7: =IF($A7="","",Inputs!$B$4-$A7) -> 16 | F7: =IF($A7="","",INDEX('Lag Table'!$C$3:$C$11,MATCH(MIN($E7,8),'Lag Table'!$A$3:$A$11,0))) -> 1 | G7: =IF($A7="","",$C7/$F7) -> 10479.83 | H7: =IF($A7="","",IFERROR($C7/$B7,"")) -> 2.1746898 | I7: =IF($A7="","",IFERROR($G7/$B7,"")) -> 2.1746898
A8: 46227 | B8: 4832 | C8: 10973.89 | D8: 129 | E8: =IF($A8="","",Inputs!$B$4-$A8) -> 15 | F8: =IF($A8="","",INDEX('Lag Table'!$C$3:$C$11,MATCH(MIN($E8,8),'Lag Table'!$A$3:$A$11,0))) -> 1 | G8: =IF($A8="","",$C8/$F8) -> 10973.89 | H8: =IF($A8="","",IFERROR($C8/$B8,"")) -> 2.2710865 | I8: =IF($A8="","",IFERROR($G8/$B8,"")) -> 2.2710865
A9: 46228 | B9: 4704 | C9: 11074.66 | D9: 130 | E9: =IF($A9="","",Inputs!$B$4-$A9) -> 14 | F9: =IF($A9="","",INDEX('Lag Table'!$C$3:$C$11,MATCH(MIN($E9,8),'Lag Table'!$A$3:$A$11,0))) -> 1 | G9: =IF($A9="","",$C9/$F9) -> 11074.66 | H9: =IF($A9="","",IFERROR($C9/$B9,"")) -> 2.354307 | I9: =IF($A9="","",IFERROR($G9/$B9,"")) -> 2.354307
A10: 46229 | B10: 4904 | C10: 10996.23 | D10: 129 | E10: =IF($A10="","",Inputs!$B$4-$A10) -> 13 | F10: =IF($A10="","",INDEX('Lag Table'!$C$3:$C$11,MATCH(MIN($E10,8),'Lag Table'!$A$3:$A$11,0))) -> 1 | G10: =IF($A10="","",$C10/$F10) -> 10996.23 | H10: =IF($A10="","",IFERROR($C10/$B10,"")) -> 2.2422981 | I10: =IF($A10="","",IFERROR($G10/$B10,"")) -> 2.2422981
A11: 46230 | B11: 4902 | C11: 11197.29 | D11: 132 | E11: =IF($A11="","",Inputs!$B$4-$A11) -> 12 | F11: =IF($A11="","",INDEX('Lag Table'!$C$3:$C$11,MATCH(MIN($E11,8),'Lag Table'!$A$3:$A$11,0))) -> 1 | G11: =IF($A11="","",$C11/$F11) -> 11197.29 | H11: =IF($A11="","",IFERROR($C11/$B11,"")) -> 2.2842289 | I11: =IF($A11="","",IFERROR($G11/$B11,"")) -> 2.2842289
A12: 46231 | B12: 5208 | C12: 11368.25 | D12: 134 | E12: =IF($A12="","",Inputs!$B$4-$A12) -> 11 | F12: =IF($A12="","",INDEX('Lag Table'!$C$3:$C$11,MATCH(MIN($E12,8),'Lag Table'!$A$3:$A$11,0))) -> 1 | G12: =IF($A12="","",$C12/$F12) -> 11368.25 | H12: =IF($A12="","",IFERROR($C12/$B12,"")) -> 2.1828437 | I12: =IF($A12="","",IFERROR($G12/$B12,"")) -> 2.1828437
A13: 46232 | B13: 5138 | C13: 11901.92 | D13: 140 | E13: =IF($A13="","",Inputs!$B$4-$A13) -> 10 | F13: =IF($A13="","",INDEX('Lag Table'!$C$3:$C$11,MATCH(MIN($E13,8),'Lag Table'!$A$3:$A$11,0))) -> 1 | G13: =IF($A13="","",$C13/$F13) -> 11901.92 | H13: =IF($A13="","",IFERROR($C13/$B13,"")) -> 2.31645 | I13: =IF($A13="","",IFERROR($G13/$B13,"")) -> 2.31645
A14: 46233 | B14: 4927 | C14: 11588.03 | D14: 136 | E14: =IF($A14="","",Inputs!$B$4-$A14) -> 9 | F14: =IF($A14="","",INDEX('Lag Table'!$C$3:$C$11,MATCH(MIN($E14,8),'Lag Table'!$A$3:$A$11,0))) -> 1 | G14: =IF($A14="","",$C14/$F14) -> 11588.03 | H14: =IF($A14="","",IFERROR($C14/$B14,"")) -> 2.3519444 | I14: =IF($A14="","",IFERROR($G14/$B14,"")) -> 2.3519444
... A23: 46242 | B23: 5084 | C23: 5141.3 | D23: 60 | E23: =IF($A23="","",Inputs!$B$4-$A23) -> 0 | F23: =IF($A23="","",INDEX('Lag Table'!$C$3:$C$11,MATCH(MIN($E23,8),'Lag Table'!$A$3:$A$11,0))) -> 0.492 | G23: =IF($A23="","",$C23/$F23) -> 10449.797 | H23: =IF($A23="","",IFERROR($C23/$B23,"")) -> 1.0112707 | I23: =IF($A23="","",IFERROR($G23/$B23,"")) -> 2.0554282
E24: =IF($A24="","",Inputs!$B$4-$A24) | F24: =IF($A24="","",INDEX('Lag Table'!$C$3:$C$11,MATCH(MIN($E24,8),'Lag Table'!$A$3:$A$11,0))) | G24: =IF($A24="","",$C24/$F24) | H24: =IF($A24="","",IFERROR($C24/$B24,"")) | I24: =IF($A24="","",IFERROR($G24/$B24,""))
E25: =IF($A25="","",Inputs!$B$4-$A25) | F25: =IF($A25="","",INDEX('Lag Table'!$C$3:$C$11,MATCH(MIN($E25,8),'Lag Table'!$A$3:$A$11,0))) | G25: =IF($A25="","",$C25/$F25) | H25: =IF($A25="","",IFERROR($C25/$B25,"")) | I25: =IF($A25="","",IFERROR($G25/$B25,""))
E26: =IF($A26="","",Inputs!$B$4-$A26) | F26: =IF($A26="","",INDEX('Lag Table'!$C$3:$C$11,MATCH(MIN($E26,8),'Lag Table'!$A$3:$A$11,0))) | G26: =IF($A26="","",$C26/$F26) | H26: =IF($A26="","",IFERROR($C26/$B26,"")) | I26: =IF($A26="","",IFERROR($G26/$B26,""))
E27: =IF($A27="","",Inputs!$B$4-$A27) | F27: =IF($A27="","",INDEX('Lag Table'!$C$3:$C$11,MATCH(MIN($E27,8),'Lag Table'!$A$3:$A$11,0))) | G27: =IF($A27="","",$C27/$F27) | H27: =IF($A27="","",IFERROR($C27/$B27,"")) | I27: =IF($A27="","",IFERROR($G27/$B27,""))
E28: =IF($A28="","",Inputs!$B$4-$A28) | F28: =IF($A28="","",INDEX('Lag Table'!$C$3:$C$11,MATCH(MIN($E28,8),'Lag Table'!$A$3:$A$11,0))) | G28: =IF($A28="","",$C28/$F28) | H28: =IF($A28="","",IFERROR($C28/$B28,"")) | I28: =IF($A28="","",IFERROR($G28/$B28,""))
E29: =IF($A29="","",Inputs!$B$4-$A29) | F29: =IF($A29="","",INDEX('Lag Table'!$C$3:$C$11,MATCH(MIN($E29,8),'Lag Table'!$A$3:$A$11,0))) | G29: =IF($A29="","",$C29/$F29) | H29: =IF($A29="","",IFERROR($C29/$B29,"")) | I29: =IF($A29="","",IFERROR($G29/$B29,""))
E30: =IF($A30="","",Inputs!$B$4-$A30) | F30: =IF($A30="","",INDEX('Lag Table'!$C$3:$C$11,MATCH(MIN($E30,8),'Lag Table'!$A$3:$A$11,0))) | G30: =IF($A30="","",$C30/$F30) | H30: =IF($A30="","",IFERROR($C30/$B30,"")) | I30: =IF($A30="","",IFERROR($G30/$B30,""))
E31: =IF($A31="","",Inputs!$B$4-$A31) | F31: =IF($A31="","",INDEX('Lag Table'!$C$3:$C$11,MATCH(MIN($E31,8),'Lag Table'!$A$3:$A$11,0))) | G31: =IF($A31="","",$C31/$F31) | H31: =IF($A31="","",IFERROR($C31/$B31,"")) | I31: =IF($A31="","",IFERROR($G31/$B31,""))
E32: =IF($A32="","",Inputs!$B$4-$A32) | F32: =IF($A32="","",INDEX('Lag Table'!$C$3:$C$11,MATCH(MIN($E32,8),'Lag Table'!$A$3:$A$11,0))) | G32: =IF($A32="","",$C32/$F32) | H32: =IF($A32="","",IFERROR($C32/$B32,"")) | I32: =IF($A32="","",IFERROR($G32/$B32,""))
E33: =IF($A33="","",Inputs!$B$4-$A33) | F33: =IF($A33="","",INDEX('Lag Table'!$C$3:$C$11,MATCH(MIN($E33,8),'Lag Table'!$A$3:$A$11,0))) | G33: =IF($A33="","",$C33/$F33) | H33: =IF($A33="","",IFERROR($C33/$B33,"")) | I33: =IF($A33="","",IFERROR($G33/$B33,""))
E34: =IF($A34="","",Inputs!$B$4-$A34) | F34: =IF($A34="","",INDEX('Lag Table'!$C$3:$C$11,MATCH(MIN($E34,8),'Lag Table'!$A$3:$A$11,0))) | G34: =IF($A34="","",$C34/$F34) | H34: =IF($A34="","",IFERROR($C34/$B34,"")) | I34: =IF($A34="","",IFERROR($G34/$B34,""))
E35: =IF($A35="","",Inputs!$B$4-$A35) | F35: =IF($A35="","",INDEX('Lag Table'!$C$3:$C$11,MATCH(MIN($E35,8),'Lag Table'!$A$3:$A$11,0))) | G35: =IF($A35="","",$C35/$F35) | H35: =IF($A35="","",IFERROR($C35/$B35,"")) | I35: =IF($A35="","",IFERROR($G35/$B35,""))
... E102: =IF($A102="","",Inputs!$B$4-$A102) | F102: =IF($A102="","",INDEX('Lag Table'!$C$3:$C$11,MATCH(MIN($E102,8),'Lag Table'!$A$3:$A$11,0))) | G102: =IF($A102="","",$C102/$F102) | H102: =IF($A102="","",IFERROR($C102/$B102,"")) | I102: =IF($A102="","",IFERROR($G102/$B102,""))
A104: Note: formulas are pre-filled for 100 rows (~3 months of daily capacity). If you exceed row 102, copy the formulas in columns E:I down further.

Sheet Trend (Weekly)
A1: Trend (Weekly) — older history for chart context only (fully matured; not used in decision formulas)
A2: Week Starting | B2: Spend ($) | C2: Revenue ($) | D2: ROAS
A3: 46180 | B3: 35738 | C3: 81523 | D3: =C3/B3 -> 2.2811293
A4: 46187 | B4: 36104 | C4: 79699 | D4: =C4/B4 -> 2.2074839
A5: 46194 | B5: 33128 | C5: 73473 | D5: =C5/B5 -> 2.217852
A6: 46201 | B6: 34071 | C6: 75137 | D6: =C6/B6 -> 2.2053066
A7: 46208 | B7: 36772 | C7: 84030 | D7: =C7/B7 -> 2.2851626
A8: 46215 | B8: 34259 | C8: 77379 | D8: =C8/B8 -> 2.2586474

Sheet Engine
A1: Engine — window math and gating logic (formulas only; audit here, edit nothing)
A3: Window Aggregates
A4: Fast Window Spend (sum) | B4: =SUMIFS('Daily Data'!$B$3:$B$102,'Daily Data'!$E$3:$E$102,"<="&(Inputs!$B$38-1)) -> 14947
A5: Fast Window Projected Revenue (sum) | B5: =SUMIFS('Daily Data'!$G$3:$G$102,'Daily Data'!$E$3:$E$102,"<="&(Inputs!$B$38-1)) -> 29937.265
A6: Fast Window Orders (sum) | B6: =SUMIFS('Daily Data'!$D$3:$D$102,'Daily Data'!$E$3:$E$102,"<="&(Inputs!$B$38-1)) -> 197
A7: Fast Window Adjusted ROAS | B7: =IFERROR(B5/B4,0) -> 2.0028946 | C7: Sum(Projected Mature Revenue) / Sum(Spend), age <= Inputs!$B$38-1
A9: Primary Window Spend (sum) | B9: =SUMIFS('Daily Data'!$B$3:$B$102,'Daily Data'!$E$3:$E$102,"<="&(Inputs!$B$36-1)) -> 69634
A10: Primary Window Projected Revenue (sum) | B10: =SUMIFS('Daily Data'!$G$3:$G$102,'Daily Data'!$E$3:$E$102,"<="&(Inputs!$B$36-1)) -> 150398.7
A11: Primary Window Orders (sum) | B11: =SUMIFS('Daily Data'!$D$3:$D$102,'Daily Data'!$E$3:$E$102,"<="&(Inputs!$B$36-1)) -> 1419
A12: Primary Window Adjusted ROAS | B12: =IFERROR(B10/B9,0) -> 2.1598457
A14: Fallback Window Spend (sum) | B14: =SUMIFS('Daily Data'!$B$3:$B$102,'Daily Data'!$E$3:$E$102,"<="&(Inputs!$B$37-1)) -> 103429
A15: Fallback Window Projected Revenue (sum) | B15: =SUMIFS('Daily Data'!$G$3:$G$102,'Daily Data'!$E$3:$E$102,"<="&(Inputs!$B$37-1)) -> 226358.51
A16: Fallback Window Orders (sum) | B16: =SUMIFS('Daily Data'!$D$3:$D$102,'Daily Data'!$E$3:$E$102,"<="&(Inputs!$B$37-1)) -> 2313
A17: Fallback Window Adjusted ROAS | B17: =IFERROR(B15/B14,0) -> 2.18854
A19: Window Used | B19: =IF(B11>=Inputs!$B$26,"Primary (14d)",IF(B16>=Inputs!$B$26,"Fallback (30d)","Insufficient")) -> Primary (14d) | C19: Primary window used unless it lacks confidence, then fallback, else flagged insufficient.
A20: Adjusted ROAS Used | B20: =IF(B19="Primary (14d)",B12,IF(B19="Fallback (30d)",B17,0)) -> 2.1598457
A21: Orders Used | B21: =IF(B19="Primary (14d)",B11,IF(B19="Fallback (30d)",B16,B11)) -> 1419
A23: Gating: Wait Period / Pause / Safety
A24: Days Since Last Change | B24: =Inputs!$B$4-Inputs!$B$8 -> 19
A25: Orders Since Last Change | B25: =SUMIFS('Daily Data'!$D$3:$D$102,'Daily Data'!$A$3:$A$102,">"&Inputs!$B$8) -> 2054
A26: Wait Period Satisfied? (for ROAS/Budget changes) | B26: =OR(NOT(OR(Inputs!$B$9="Target ROAS Change",Inputs!$B$9="Budget Change")),AND(B24>=Inputs!$B$29,B25>=Inputs!$B$30)) -> TRUE | C26: TRUE automatically if the last change wasn't a Target ROAS/Budget change.
A27: Campaign Paused? | B27: =(Inputs!$B$5="Paused") -> FALSE
A28: Days Paused | B28: =IF(B27,Inputs!$B$4-Inputs!$B$8,0) -> 0
A29: Pause Minimum Elapsed? | B29: =(B28>=Inputs!$B$31) -> FALSE
A30: Fast Window Severe? (safety trigger) | B30: =AND(B7<(Inputs!$B$21*Inputs!$B$28),B6>=Inputs!$B$27) -> FALSE
A31: Safety Pause Trigger | B31: =AND(NOT(B27),B30) -> FALSE
A33: Seasonality
A34: Season End Date (computed) | B34: =Inputs!$B$14+Inputs!$B$15-1 -> 46385
A35: Seasonality Active Today? | B35: =AND(Inputs!$B$12="Y",Inputs!$B$4>=Inputs!$B$14,Inputs!$B$4<=B34) -> FALSE
A36: Season Starts Today? | B36: =(Inputs!$B$4=Inputs!$B$14) -> FALSE
A37: Season Ends Today? | B37: =(Inputs!$B$4=B34) -> FALSE
A39: Budget Cap Check (fixed 7-day lookback, age <= 6)
A40: Days at Budget Cap (last 7) | B40: =SUMPRODUCT(('Daily Data'!$E$3:$E$102<>"")*('Daily Data'!$E$3:$E$102<=6)*('Daily Data'!$B$3:$B$102>=Inputs!$B$7*Inputs!$B$32)) -> 0
A41: Budget Capped? | B41: =(B40>=Inputs!$B$33) -> FALSE
A43: Decision Bands (evaluated only when data is sufficient)
A44: Normal Band Lower | B44: =Inputs!$B$20-Inputs!$B$34 -> 2.1
A45: Normal Band Upper | B45: =Inputs!$B$20+Inputs!$B$35 -> 2.35
A47: Master Decision Case (single source of truth for the Decision tab)
A48: Decision Case | B48: =_xlfn.IFS(B31,"SAFETY_PAUSE",B27,IF(B29,"PAUSED_REENABLE","PAUSED_HOLD"),AND(B35,B36),"SEASON_START",AND(B35,B37),"SEASON_END",AND(B35,NOT(B36),NOT(B37)),"SEASON_MID",NOT(B26),"WAIT_HOLD",B19="Insufficient","DATA_INSUFFICIENT",B20<Inputs!$B$21,"SEVERE_PAUSE",B20<B44,"TIGHTEN",B20<=B45,"NORMAL",AND(B20>B45,B41),"BUDGET_INCREASE",TRUE(),"LOOSEN") -> NORMAL | C48: Evaluated top-to-bottom, first TRUE wins. All Decision-tab outputs key off this one cell.

Sheet Decision
A1: Decision — run this every review
A3: Diagnostics
A4: Today's Date | B4: =Inputs!$B$4 -> 46242
A5: Campaign Status | B5: =Inputs!$B$5 -> Active
A6: Window Used | B6: =Engine!$B$19 -> Primary (14d)
A7: Adjusted ROAS (window used) | B7: =Engine!$B$20 -> 2.1598457
A8: Fast Window (3-day) Adjusted ROAS | B8: =Engine!$B$7 -> 2.0028946
A9: Orders in Window Used | B9: =Engine!$B$21 -> 1419
A10: Required Target ROAS / Breakeven | B10: =TEXT(Inputs!$B$20,"0%")&" / "&TEXT(Inputs!$B$21,"0.0%") -> 220% / 200.1%
A11: Normal Band | B11: =TEXT(Engine!$B$44,"0%")&" - "&TEXT(Engine!$B$45,"0%") -> 210% - 235%
A12: Safety Check Triggered? | B12: =Engine!$B$31 -> FALSE
A13: Seasonality Active Today? | B13: =Engine!$B$35 -> FALSE
A14: Wait Period Satisfied? | B14: =Engine!$B$26 -> TRUE
A15: Budget Near Cap (last 7d)? | B15: =Engine!$B$41 -> FALSE
A17: Required System Output
A18: ACTION | B18: =_xlfn.IFS(Engine!$B$48="SAFETY_PAUSE","Pause the campaign",Engine!$B$48="PAUSED_HOLD","No action — remain paused",Engine!$B$48="PAUSED_REENABLE","Re-enable the campaign",Engine!$B$48="SEASON_START","Apply seasonality adjustment",Engine!$B$48="SEASON_MID","No action — seasonality adjustment in effect",Engine!$B$48="SEASON_END","Revert seasonality adjustment",Engine!$B$48="WAIT_HOLD","No action — wait",Engine!$B$48="DATA_INSUFFICIENT","No action — insufficient data",Engine!$B$48="SEVERE_PAUSE","Pause the campaign",Engine!$B$48="TIGHTEN","Increase Target ROAS",Engine!$B$48="NORMAL","No action",Engine!$B$48="BUDGET_INCREASE","Increase Budget",Engine!$B$48="LOOSEN","Decrease Target ROAS") -> No action
A19: VALUE | B19: =_xlfn.IFS(Engine!$B$48="SAFETY_PAUSE","Campaign status -> Paused",Engine!$B$48="PAUSED_HOLD","No change (remain paused)",Engine!$B$48="PAUSED_REENABLE","Target ROAS -> "&TEXT(Inputs!$B$6+Inputs!$B$24,"0%")&", Budget -> $"&TEXT(Inputs!$B$7*0.5,"#,##0")&"/day (ramp-up)",Engine!$B$48="SEASON_START","Target ROAS -> "&TEXT(IF(Inputs!$B$13="Up",Inputs!$B$6-Inputs!$B$16,Inputs!$B$6+Inputs!$B$16),"0%")&" for "&Inputs!$B$15&" days",Engine!$B$48="SEASON_MID","No change",Engine!$B$48="SEASON_END","Target ROAS -> "&TEXT(Inputs!$B$17,"0%")&" (reverting to baseline)",Engine!$B$48="WAIT_HOLD","No change",Engine!$B$48="DATA_INSUFFICIENT","No change",Engine!$B$48="SEVERE_PAUSE","Campaign status -> Paused",Engine!$B$48="TIGHTEN","Target ROAS -> "&TEXT(MIN(Inputs!$B$6+Inputs!$B$24,Inputs!$B$23),"0%"),Engine!$B$48="NORMAL","No change",Engine!$B$48="BUDGET_INCREASE","Budget -> $"&TEXT(Inputs!$B$7*(1+Inputs!$B$25),"#,##0")&"/day",Engine!$B$48="LOOSEN","Target ROAS -> "&TEXT(MAX(Inputs!$B$6-Inputs!$B$24,Inputs!$B$22),"0%")) -> No change
A20: REASON | B20: =_xlfn.IFS(Engine!$B$48="SAFETY_PAUSE","Last 3 days are tracking well below breakeven even after adjusting for conversion lag. Pausing now to stop losses while the issue is investigated.",Engine!$B$48="PAUSED_HOLD","Campaign is paused and the minimum pause period has not yet elapsed.",Engine!$B$48="PAUSED_REENABLE","Minimum pause period has elapsed. Restarting conservatively to confirm the issue is resolved.",Engine!$B$48="SEASON_START","A known seasonality event is starting. Adjusting the target ahead of time rather than reacting to the expected swing.",Engine!$B$48="SEASON_MID","Seasonality adjustment is active. Current swings are expected and are not a signal to act on.",Engine!$B$48="SEASON_END","Seasonality event has ended. Reverting to the standard target.",Engine!$B$48="WAIT_HOLD","A change was made recently. The algorithm needs more time and order volume to relearn before it can be judged.",Engine!$B$48="DATA_INSUFFICIENT","Not enough matured orders yet to reliably tell signal from normal noise.",Engine!$B$48="SEVERE_PAUSE","Even the more reliable matured window is below breakeven. This is a confirmed, sustained problem, not noise.",Engine!$B$48="TIGHTEN","Matured, lag-adjusted ROAS is running below the normal range around target. Tightening to protect margin.",Engine!$B$48="NORMAL","Matured, lag-adjusted ROAS is within the normal range around target. This is ordinary volatility.",Engine!$B$48="BUDGET_INCREASE","Efficiency is comfortably above target and spend is capped by budget. Raising the ceiling to capture more profitable volume.",Engine!$B$48="LOOSEN","Efficiency is comfortably above target with budget headroom. Loosening the target to responsibly spend more toward the goal of maximizing volume.") -> Matured, lag-adjusted ROAS is within the normal range around target. This is ordinary volatility.
A21: REVIEW CADENCE | B21: =_xlfn.IFS(Engine!$B$48="SAFETY_PAUSE","Tomorrow (daily while paused)",Engine!$B$48="PAUSED_HOLD","Tomorrow",Engine!$B$48="PAUSED_REENABLE","Tomorrow (daily during ramp-up)",Engine!$B$48="SEASON_START","Tomorrow (safety check only during season)",Engine!$B$48="SEASON_MID","Tomorrow (safety check only)",Engine!$B$48="SEASON_END","In 7 days or after 30 new orders, whichever is later",Engine!$B$48="WAIT_HOLD","In "&MAX(0,Inputs!$B$29-Engine!$B$24)&" more day(s), or after "&MAX(0,Inputs!$B$30-Engine!$B$25)&" more order(s) — whichever is later",Engine!$B$48="DATA_INSUFFICIENT","After "&MAX(0,Inputs!$B$26-Engine!$B$21)&" more matured order(s) accumulate",Engine!$B$48="SEVERE_PAUSE","Tomorrow (daily while paused)",Engine!$B$48="TIGHTEN","In 7 days or after 30 new orders, whichever is later",Engine!$B$48="NORMAL","Tomorrow",Engine!$B$48="BUDGET_INCREASE","In 7 days or after 30 new orders, whichever is later",Engine!$B$48="LOOSEN","In 7 days or after 30 new orders, whichever is later") -> Tomorrow
A22: WAIT PERIOD | B22: =_xlfn.IFS(Engine!$B$48="SAFETY_PAUSE","Minimum 3 days paused before re-enable is eligible",Engine!$B$48="PAUSED_HOLD","N/A — no new change made",Engine!$B$48="PAUSED_REENABLE","7 days matured AND 30 new orders before the next Target ROAS/Budget change",Engine!$B$48="SEASON_START","No manual wait — reverts automatically at the scheduled end date",Engine!$B$48="SEASON_MID","N/A — no new change made",Engine!$B$48="SEASON_END","7 days matured AND 30 new orders before the next Target ROAS/Budget change",Engine!$B$48="WAIT_HOLD","N/A — already inside the wait period from the prior change",Engine!$B$48="DATA_INSUFFICIENT","N/A — no new change made",Engine!$B$48="SEVERE_PAUSE","Minimum 3 days paused before re-enable is eligible",Engine!$B$48="TIGHTEN","7 days matured AND 30 new orders before the next change",Engine!$B$48="NORMAL","N/A — no new change made",Engine!$B$48="BUDGET_INCREASE","7 days matured AND 30 new orders before the next change",Engine!$B$48="LOOSEN","7 days matured AND 30 new orders before the next change") -> N/A — no new change made
A24: Chart — look here first
